file,Hidden_Dim,Dropout,LR,R2_Mean,Best_R2,MAPE_Mean,Best_MAPE
grid_search_results_LSTM.csv,128,0.5,0.01,0.6577251076698303,0.8040282130241394,0.0980972185730934,0.1456138491630554
grid_search_results_GCN.csv,32,0.0,0.005,0.2995533585548401,0.4746356606483459,0.1484376072883605,0.2470342069864273
grid_search_results_GAT.csv,32,0.0,0.001,0.3344092011451721,0.6408877968788147,0.1419231906533241,0.1993815600872039
grid_search_results_SAGE.csv,16,0.2,0.1,0.649502158164978,0.7467753291130066,0.1089720487594604,0.0851669311523437
grid_search_results_STGNN.csv,16,0.2,0.1,0.473170006275177,0.7105002403259277,0.1245657190680503,0.0924272686243057
