file,Hidden_Dim,Dropout,LR,R2_Mean,Best_R2,MAPE_Mean,Best_MAPE
grid_search_results_LSTM.csv,64,0.2,0.005,0.6458133697509766,0.8282836675643921,0.0976701557636261,0.1319988667964935
grid_search_results_GCN.csv,32,0.0,0.005,0.2995533585548401,0.4746356606483459,0.1484376072883605,0.2470342069864273
grid_search_results_GAT.csv,32,0.0,0.001,0.3344092011451721,0.6408877968788147,0.1419231906533241,0.1993815600872039
grid_search_results_SAGE.csv,16,0.0,0.01,0.6415033340454102,0.7121719121932983,0.1053109019994735,0.1578879654407501
grid_search_results_STGNN.csv,128,0.0,0.005,0.4391308069229126,0.7306423187255859,0.1214380741119384,0.1674533784389495
