Modelo,MAE_Mean,MAE_Std,R2_Mean,Acc_Mean,F1_Mean
LSTM,0.6804040789604187,0.08184334705628976,0.6275638699531555,0.9304761904761903,0.9295262750640324
GCN,0.9532315373420716,0.260395324638377,0.2764881491661072,0.7961904761904762,0.7834075346468939
GAT,0.936292290687561,0.1650506288038284,0.29880844354629515,0.8228571428571427,0.7976437389770723
SAGE,0.691373884677887,0.09106595176431521,0.607331919670105,0.8904761904761905,0.8665388920766496
STGNN,0.7511325359344483,0.06497050306111644,0.5067901015281677,0.877142857142857,0.8512302501013409
